Date,Close,High,Low,Open,Volume,MA_7,MA_21,Return,Volatility,Momentum,RSI,MACD,Signal,Target,Stock
2025-04-22,198.87322998046875,200.7151927551101,195.1195857124949,195.26892870764283,52976400.0,197.27732413155692,203.80933343796502,0.034064976668916724,0.028927934481373832,18.200668334960938,-206.90814626017044,-5.863715708594782,-6.1659886388393,203.71212768554688,AAPL
2025-04-23,203.71212768554688,207.0973670311424,201.9199358938783,205.1060461943045,52929200.0,198.19475446428572,203.04457092285156,0.02433156893742483,0.0263367787934605,32.04034423828125,-273.0944685962703,-4.963010648200822,-5.925393040711604,207.4657745361328,AAPL
2025-04-24,207.4657745361328,207.92378505310097,202.0593452871763,204.00088023313933,47311000.0,199.02684456961495,202.31536792573473,0.01842623163005852,0.025975854178306383,9.478683471679688,1089.7684340079877,-3.9013353034214617,-5.520581493253577,208.371826171875,AAPL
2025-04-25,208.371826171875,208.8397878176709,205.30519003897632,205.4744504992001,38222300.0,200.04241725376673,201.7345660981678,0.004367234247518725,0.025832542593389483,18.778152465820312,274.44984700353484,-2.9528010959319886,-5.007025413789259,209.2281036376953,AAPL
2025-04-28,209.2281036376953,210.5822025692478,206.55974070372147,209.08871177088437,38743100.0,202.29972185407365,201.08454241071428,0.004109372565147096,0.017260748609821106,11.93798828125,202.99847815771577,-2.107690325315758,-4.427158396094559,210.29345703125,AAPL
2025-04-29,210.29345703125,211.31898611202763,207.46576971677675,207.784388363366,36827600.0,204.3237588065011,200.76735360281808,0.005091827412437189,0.017367724035881327,8.652313232421932,152.84855261130485,-1.3365617833207466,-3.8090390735397968,211.57785034179688,AAPL
2025-04-30,211.57785034179688,212.65316547487808,205.7731479657814,208.39173986928208,52286500.0,207.07462419782365,200.3107721237909,0.006107623740076784,0.011978272224368997,10.315032958984375,250.1828931472888,-0.6147110457788187,-3.1701734679876017,212.3943023681641,AAPL
2025-05-01,212.3943023681641,213.62891164873253,207.9934696463897,208.1726964341785,57365700.0,209.00620596749442,199.84281194777716,0.003858872869008989,0.008344794555561941,18.967330932617216,152.7072226958858,0.02297685662983895,-2.5315434030641137,204.4588928222656,AAPL
2025-05-02,204.4588928222656,206.0917754590827,201.2827333487594,205.19567188008236,101010600.0,209.1128867013114,198.96378653390067,-0.03736168747193258,0.01754270925238485,8.333694458007784,378.3318043562027,-0.11069608225702154,-2.0473739389026955,198.02691650390625,AAPL
2025-05-05,198.02691650390625,203.21431440062256,197.34987465543003,202.2186538992821,69018500.0,207.7644784109933,198.7599131266276,-0.0314585305122953,0.019177460144956332,5.705123901367216,-630.0305663213296,-0.727256226926329,-1.7833503965074224,197.64854431152344,AAPL
2025-05-06,197.64854431152344,199.77925700053615,196.165020010421,197.3498583398735,51216500.0,206.23258100237166,199.24019877115884,-0.0019107109228524433,0.018727739759777068,-1.2246856689453125,-630.022586705509,-1.2322118857954933,-1.6731226943650368,195.39837646484372,AAPL
2025-05-07,195.39837646484372,198.574535944944,192.41139491378885,198.3057033514284,68536700.0,204.25690569196428,199.9414280482701,-0.011384692229926663,0.018048705061284764,-8.313751220703153,1155.0511617827099,-1.793290684521594,-1.6971562923963481,196.6330108642578,AAPL
2025-05-08,196.6330108642578,199.1818994852005,193.8351919089676,196.862008540768,50478900.0,202.30541338239397,201.1300579252697,0.006318549937574414,0.018220043775950007,-10.832763671875,4195.86838942311,-2.1139566210686382,-1.7805163581308063,197.66847229003903,AAPL
2025-05-09,197.66847229003903,199.6697443694255,196.6827629534363,198.1364339272832,36453900.0,200.318359375,201.11488560267858,0.005265959267114262,0.018103017179625647,-10.703353881835966,417.8781392694073,-2.258499031736079,-1.876112892851861,210.15049743652344,AAPL
2025-05-12,210.15049743652344,210.6290521628615,206.1227607044075,210.32995926202443,63775800.0,199.99781581333704,202.09378197079613,0.0631462620309502,0.033080988539862494,0.922393798828125,250.70961090131252,-1.350289523773256,-1.77094821903614,212.28399658203125,AAPL
2025-05-13,212.28399658203125,212.75257189298435,208.36592688565327,209.79158118866215,51909300.0,201.11568777901786,202.80777631487166,0.01015224408951143,0.029014436109187372,1.99053955078125,298.27561653784744,-0.4531477891319753,-1.5073881330553074,211.6858062744141,AAPL
2025-05-14,211.6858062744141,213.2909222465589,209.9411156617564,211.78549375335476,49325800.0,203.06695774623327,203.28609357561385,-0.002817877547288461,0.02457561264675434,0.10795593261721592,516.9190494785998,0.20718622673581422,-1.1644732610970832,210.80848693847656,AAPL
2025-05-15,210.80848693847656,212.3139155435744,208.90427796298636,210.310003869238,45029500.0,204.9469495500837,203.7406492687407,-0.004144441006121324,0.02476713763458149,-1.5858154296875284,858.0634859007218,0.6521952525205847,-0.8011395583735496,210.6190643310547,AAPL
2025-05-16,210.6190643310547,211.92510277199543,209.1335944967917,211.71573318604425,54737900.0,207.121333530971,204.55932035900298,-0.000898553042967154,0.023581807463468066,6.160171508789091,1441.5805524474017,0.9783059877710798,-0.44525044914462375,208.14659118652344,AAPL
2025-05-19,208.14659118652344,208.84446444770492,203.64029993754312,207.27923550566183,46140500.0,208.76613071986608,205.13176763625373,-0.011739075721298287,0.025117361680883268,10.119674682617188,-884.3806193451207,1.0254227404660128,-0.15111581122249648,206.232421875,AAPL
2025-05-20,206.232421875,207.83753801206535,204.40797196423648,207.03996203611737,42496600.0,209.9895520891462,205.79417855398995,-0.009196255872420789,0.025999671709710945,8.583877563476562,-331.16282920089867,0.8979545789463543,0.0586982668112737,201.47689819335935,AAPL
2025-05-21,201.47689819335935,206.4118779017609,200.10109516487896,204.54755595275296,59211800.0,208.7504664829799,205.9181627546038,-0.02305904977696982,0.01028461936715778,6.078521728515625,-154.6669871960614,0.4084952461268472,0.1286576626743884,200.7491149902344,AAPL
2025-05-22,200.7491149902344,202.13489740214877,199.0941474443519,200.1010930441042,46742400.0,207.10262625558036,205.77706691196985,-0.003612241451258047,0.00767625004910177,4.116104125976591,-455.1652654612536,-0.03769628434994843,0.09538687326952106,194.67758178710935,AAPL
2025-05-23,194.67758178710935,197.10020219746903,192.8730755135501,193.0824298832746,78432900.0,204.6728799002511,205.16810535249255,-0.030244383410708453,0.01094090830953357,-2.9908905029296875,-504.14848156280675,-0.8711857870030144,-0.09792765878498604,199.60260009765625,AAPL
2025-05-27,199.60260009765625,200.1309909415137,196.83102019804124,197.6983910952664,56288500.0,203.07203892299108,204.75052315848214,0.02529833309688767,0.017863058782672258,-10.547897338867188,1116.1727614183892,-1.1213976314083425,-0.30262165330965735,199.81195068359372,AAPL
2025-05-28,199.81195068359372,202.11494001836,199.2935240345892,199.98143310081724,45339700.0,201.52816554478235,204.30213492257255,0.0010488369682311038,0.01800011214979396,-12.472045898437528,498.91511782276854,-1.2879527604100076,-0.4996878747297274,199.34336853027344,AAPL
2025-05-29,199.34336853027344,203.19165828241367,197.90773491315443,202.96236033905296,51396800.0,200.27056230817522,203.78070213681175,-0.0023451157536732437,0.017969172491461436,-12.342437744140653,766.8860414578941,-1.441146919175793,-0.6879796836189406,200.24066162109372,AAPL
2025-05-30,200.24066162109372,201.3472946799051,196.18300200128655,198.7651407343476,70819900.0,199.41459655761716,203.24083600725447,0.004501243745582695,0.018307712246881668,-10.567825317382841,802.7086509541973,-1.4731685700045887,-0.8450174608960702,201.08807373046875,AAPL
2025-06-02,201.08807373046875,201.51677709467236,199.51286535414476,199.6723835925692,35423300.0,199.35905020577565,202.7024441673642,0.004231968185255841,0.016392922332099265,-9.530990600585938,-99.44992128503236,-1.413868685774986,-0.9587877058718535,202.6533203125,AAPL
2025-06-03,202.6533203125,203.1518034040851,200.3503308633764,200.73914706631285,46381600.0,199.63107953752788,202.61646452404204,0.007783885702387527,0.016558009573580546,-5.4932708740234375,-87.68149237272561,-1.2264332236578355,-1.01231680942905,202.2046813964844,AAPL
2025-06-04,202.2046813964844,205.6143037964219,201.48686455307688,202.29440469878628,43604000.0,200.70637948172433,202.8154057094029,-0.002213824650510454,0.009492557755029024,-4.027740478515597,-89.06454442307535,-1.1013944905284632,-1.0301323456489326,200.0213165283203,AAPL
2025-06-05,200.0213165283203,204.12881205428332,199.54276184010465,202.8826044104843,55126100.0,200.76619611467635,202.9283948625837,-0.010797795842732882,0.0061394278459425975,-1.455581665039034,-78.28114656240629,-1.1650497233943042,-1.057115821198007,203.3013458251953,AAPL
2025-06-06,203.3013458251953,205.07594444547604,201.43702389784912,202.38413874603316,46607700.0,201.26468113490515,203.30472673688615,0.016398398699723593,0.00866617750591275,2.552230834960909,-160.21865238732715,-0.9399903781863941,-1.0336907325956843,200.8388214111328,AAPL
2025-06-09,200.8388214111328,205.3750202901374,199.41316716451476,203.7699042317972,72862600.0,201.4783172607422,203.5050034295945,-0.012112681320761376,0.010224201304905478,6.161239624023466,-160.43677258509734,-0.9493903843084297,-1.0168306629382335,202.0551300048828,AAPL
2025-06-10,202.0551300048828,203.73004106569937,199.9615101944825,199.99141796230995,54672600.0,201.7375270298549,203.7138918922061,0.006056142857262303,0.01032646071854369,2.4525299072265625,-309.7858366543323,-0.848908331662642,-0.9832461966831153,198.1769256591797,AAPL
2025-06-11,198.1769256591797,203.8795731269679,197.80805305990708,202.88260699920767,60989900.0,201.32164873395647,203.14372180757067,-0.019193793028711492,0.012744056131295112,-1.635025024414034,-392.1444325764019,-1.0698813341567472,-1.0005732241778418,198.5956573486328,AAPL
2025-06-12,198.5956573486328,199.07419684911244,196.7612432530472,198.476026276637,43904600.0,200.74198259626115,202.4918961297898,0.0021129184846335747,0.012185607142322098,-0.747711181640625,-620.3693075129762,-1.1974128528022732,-1.0399411499027282,195.8539886474609,AAPL
2025-06-13,195.8539886474609,199.76209396079904,195.1062640673262,199.12403626091725,51447300.0,199.8347407749721,201.73800005231584,-0.013805280225029914,0.012858287158599529,-4.3866729736328125,1135.6096864988272,-1.502393593113169,-1.1324316385448165,197.81802368164065,AAPL
2025-06-16,197.81802368164065,198.08720880439395,195.9636660151664,196.701426450214,43020700.0,199.51998465401786,201.1194065638951,0.010028057369385612,0.01354324221333198,-3.2700500488280966,-582.6820801340801,-1.5675421636430826,-1.21945374356447,195.0464630126953,AAPL
2025-06-17,195.0464630126953,197.7881200100286,194.6177748569289,196.60172782081943,38856200.0,198.34071568080358,200.3778541201637,-0.014010657964138584,0.011578987712962275,-7.6068572998046875,-213.8093118718225,-1.8218139213969948,-1.3399257791309749,195.9835968017578,AAPL
2025-06-18,195.9835968017578,196.97059871241268,194.4781834746436,195.34553910938877,45394700.0,197.64711216517858,199.79866391136534,0.004804669485349855,0.011816188571023322,-6.221084594726591,-331.1591109334853,-1.9255111624311496,-1.4570428557910098,200.3902130126953,AAPL
2025-06-20,200.3902130126953,201.0880863339216,196.26277341287405,197.63859168364692,96813500.0,197.40926688058036,199.52046348935082,0.022484617502937843,0.015169862205017686,0.368896484375,9786.276910517463,-1.6332873525406058,-1.492291755140929,200.888671875,AAPL
2025-06-23,200.888671875,201.686247808318,198.3563846401482,201.01828233775663,55814300.0,197.7966591971261,199.49245271228608,0.002487441151994396,0.012899175372342019,-2.4126739501953125,-7164.7076828895815,-1.3459610127269457,-1.4630256066581324,199.6923065185547,AAPL
2025-06-24,199.6923065185547,202.82277936444737,199.5926038267289,201.9753521214132,54064000.0,197.9533233642578,199.44212849934897,-0.0059553649555199595,0.013244762650464327,-1.146514892578125,-429.6269575837549,-1.200945749139521,-1.4106096351544102,200.948486328125,AAPL
2025-06-25,200.948486328125,203.052085424857,200.0113357524488,200.8388194477268,39525700.0,198.68110874720983,199.7407430013021,0.00629057689537782,0.011613166459035268,-1.1066436767578125,-1112.6849355003071,-0.9734357344640898,-1.3231748550163462,200.3902130126953,AAPL
2025-06-26,200.3902130126953,202.0252370277816,198.85489170599743,200.81890119127092,50799100.0,199.04856436593192,199.7782483782087,-0.002778191195320079,0.011463907327410655,2.213287353515625,3789.00148908009,-0.8286284861975162,-1.2242655812525802,200.469970703125,AAPL
2025-06-27,200.469970703125,202.6034778198992,199.39324535272064,201.27751091280396,73188600.0,199.82335117885046,199.80958266485305,0.00039801190502575245,0.009200365577979921,1.8743133544921875,-380.6355998426381,-0.6993700173937043,-1.119286468480805,204.5475311279297,AAPL
2025-06-30,204.5475311279297,206.7607970676305,198.65545787730727,201.39711462840117,91912800.0,201.04677036830358,200.0573999314081,0.02034000608920694,0.01111261440652854,8.693542480468778,400.53774058439836,-0.26485363310555954,-0.948399901405756,207.18951416015625,AAPL
2025-07-01,207.18951416015625,209.55231908550664,205.5146031050056,206.04299395149744,78788900.0,202.01809910365515,200.38829767136346,0.012916230362977066,0.00919617399440659,9.371490478515597,317.0868413935765,0.2893541877320729,-0.7008490835781903,211.7954864501953,AAPL
2025-07-02,211.7954864501953,212.69274987948137,207.5085290616707,208.2761972389462,67941800.0,203.57621547154017,200.8981744675409,0.02223072103194701,0.011177788136056625,16.7490234375,153.3673723201865,1.0876930996993224,-0.34314064692268786,212.90213012695312,AAPL
2025-07-03,212.90213012695312,213.9987837940836,211.1674035025876,211.5063683517463,34955800.0,205.4633331298828,201.38621303013392,0.005225057886292905,0.009599650114676155,16.918533325195312,150.8012572673105,1.7890562089341415,0.08329872424867801,209.3130340576172,AAPL
2025-07-07,209.3130340576172,215.57398008038285,208.16652910348648,212.0347473083985,50229000.0,206.65826851981026,201.7247060139974,-0.01685796223455238,0.013834694685574949,8.922821044921875,160.2962183635433,2.0318594575450675,0.47301087090795596,209.3728485107422,AAPL
2025-07-08,209.3728485107422,210.78853856973336,207.81758380403343,209.46258702266437,42848900.0,207.9415021623884,202.1700170607794,0.00028576554438819457,0.013559178672735274,8.484176635742188,170.23295921992178,2.2037063527739065,0.8191499672811461,210.4994354248047,AAPL
2025-07-09,210.4994354248047,210.6888614301138,206.59132988433592,208.8943192909964,48749400.0,209.37428283691406,202.51278323218935,0.005380768910944633,0.013322595633846364,10.80712890625,134.58062694154194,2.403100952120326,1.1359401642489821,211.7655792236328,AAPL
2025-07-10,211.7655792236328,212.8323250717279,209.39279496736208,209.87133445003573,44443600.0,210.40543256487166,203.0331050327846,0.006014951043801897,0.011977612935342852,10.817092895507812,133.8597179895735,2.63293895035099,1.4353399214693838,210.5193634033203,AAPL
2025-07-11,210.5193634033203,211.4864217284832,209.22330444266436,209.9311570606941,39765800.0,210.8811253138951,203.43616376604353,-0.005884883770447158,0.012021828753138564,10.129150390625,165.05926269613633,2.683593225972885,1.6849905823700841,207.9870758056641,AAPL
2025-07-14,207.9870758056641,210.27013683517245,206.91035052542597,209.293099043616,38840100.0,210.33706665039065,203.90331377301897,-0.012028763324753111,0.009223473026901059,7.517105102539091,228.51111670009217,2.490691517020565,1.8461307693001805,208.4755859375,AAPL
2025-07-15,208.4755859375,211.24715053377864,208.28615994072268,208.5852528191871,42296300.0,209.70470319475447,204.37378656296502,0.0023487523440752778,0.008876811740143566,3.9280548095703125,190.23819492339544,2.3501432197597296,1.9469332593920903,209.52239990234372,AAPL
2025-07-16,209.52239990234372,211.75559423754484,208.00700716596052,209.6619745482938,47490500.0,209.73461260114397,205.02466328938803,0.0050212784395653465,0.006771039890337958,2.3328857421874716,192.44171560775933,2.296751300642512,2.016896867642175,209.38284301757807,AAPL
2025-07-17,209.38284301757807,211.1574416148312,208.9541396463333,209.93117746335784,48068100.0,209.73604038783478,205.5753689720517,-0.0006660714311724769,0.006777707283711852,-2.4126434326172443,183.48121036887014,2.2176134780406755,2.0570401897218753,210.539306640625,AAPL
2025-07-18,210.539306640625,211.1474566075158,209.06380098140497,210.23024956462243,48974600.0,209.74173627580916,206.31312343052454,0.005523201454236792,0.006796647551586919,-2.362823486328125,174.55463218892444,2.2225924703986664,2.090150645857234,211.8353576660156,AAPL
2025-07-21,211.8353576660156,215.12534891613052,210.98794558852117,211.4565208835752,51377400.0,209.751704624721,207.0679691859654,0.006155862513610666,0.006817446420320411,2.522323608398409,203.00953697015422,2.304553387002045,2.133031194086196,213.74954223632807,AAPL
2025-07-22,213.74954223632807,214.29787667610697,211.5861274580158,212.4933703299684,46404100.0,210.2131587437221,207.7041277204241,0.009036190140318423,0.006977103138503662,4.376693725585881,214.43786954721696,2.495203547932732,2.2054656648555033,213.5002899169922,AAPL
2025-07-23,213.5002899169922,214.4972560435483,211.76557859278188,214.3477172095632,46989300.0,211.00076075962608,208.30468096051897,-0.0011660952193305318,0.0037444524654730357,3.0008544921875,554.9737751284358,2.596254588168648,2.2836234495181325,213.11148071289065,AAPL
2025-07-24,213.11148071289065,215.03563331063384,212.8821827557749,213.251055366678,46022600.0,211.66303144182476,208.94368925548736,-0.0018211179209766115,0.004295717761825973,1.345901489257841,3990.706997083985,2.6148225653690815,2.3498632726883226,213.2311248779297,AAPL
2025-07-25,213.2311248779297,214.58699944946255,212.7525701732737,214.04862920984863,40268800.0,212.1928492954799,209.52857680547805,0.0005614158591493723,0.004303469830139041,2.711761474609375,216.2842321712288,2.6091158419780243,2.401713786546263,213.40060424804688,AAPL
2025-07-28,213.40060424804688,214.19818019857897,212.41360229785764,213.3806606658472,37858000.0,212.76681518554688,210.1481192452567,0.0007948153451529105,0.004156247846412073,5.413528442382784,213.11812640407726,2.5884309703621398,2.4390572233094385,210.6290283203125,AAPL
2025-07-29,210.6290283203125,214.15828155569844,210.18039662608905,213.53018805628847,51411700.0,212.77963256835938,210.6318838936942,-0.012987666728969671,0.006997655083892462,2.1534423828125,5754.397739314715,2.3216327095291263,2.4155723205533763,208.415771484375,AAPL
2025-07-30,208.415771484375,211.74563469104575,207.0898047125579,211.2571158132724,45512500.0,212.29112025669642,210.8160858154297,-0.010507843356575286,0.007409281982460218,-1.1066284179687216,-184.82096085781842,1.9095892794053668,2.3143757123237743,206.9402618408203,AAPL
2025-07-31,206.9402618408203,209.2033639475293,206.5315020865265,207.85746883247032,80698400.0,211.31836591448103,210.80421665736608,-0.007079644851470834,0.00557766876963461,-2.4425811767577557,-172.98047407912452,1.4472970559831992,2.1409599810556594,201.76600646972656,AAPL
2025-08-01,201.76600646972656,212.93202387361225,200.8886714237977,210.23023901853355,104434500.0,209.6420397077288,210.32662237258185,-0.02500361855671096,0.009219193070444234,-8.773300170898438,-99.51901379431956,0.655847768075347,1.843937538459597,202.7330780029297,AAPL
2025-08-04,202.7330780029297,207.24933356384108,201.06813110178,203.8895472057539,75109300.0,208.15941074916296,209.8423817952474,0.004793035011813274,0.01024107106518762,-9.102279663085909,-116.14626097076751,0.10543767600333354,1.4962375659683445,202.3043670654297,AAPL
2025-08-05,202.3043670654297,204.7170232958933,201.5466782764192,202.7829065525681,44155100.0,206.59844534737724,209.50863574800036,-0.0021146570738387327,0.009955043401939317,-11.44517517089838,-77.90064708978707,-0.361196034178505,1.1247508459389746,212.60302734375,AAPL
2025-08-06,212.60302734375,214.72657006985975,204.96626313259569,205.0061502968161,108483100.0,206.48450578962053,209.6624537876674,0.050906762062084,0.0244020906128739,-0.8972625732421875,494.4299130962102,0.0988694975299893,0.9195745762571775,219.36245727539065,AAPL
2025-08-07,219.36245727539065,220.1799768073744,215.92292715514495,218.2159523061407,90224800.0,207.73213849748885,210.0845024472191,0.03179366736256095,0.0263120907102463,6.2509765625,243.95504242227048,0.9974067662355424,0.9351410142528506,228.65419006347656,AAPL
2025-08-08,228.65419006347656,230.29917810781973,218.58482597462975,220.16003429974123,113854000.0,210.6233411516462,210.8887220110212,0.042357898901638213,0.02826125604687489,15.423065185546875,175.5187395837013,2.431243347134398,1.23436148082916,226.7478179931641,AAPL
2025-08-11,226.7478179931641,229.12329528601256,224.3324234952035,227.4864157407103,61806100.0,213.45299203055245,211.66150556291853,-0.008337359003931843,0.02841868087018997,13.347213745117216,212.38215423986315,3.374837843971733,1.6624567534576746,229.21310424804688,AAPL
2025-08-12,229.21310424804688,230.36092560837628,226.63802588155735,227.57622481823225,55626200.0,217.37400599888392,212.67226882207962,0.010872370357085881,0.023048151150483406,18.584075927734375,191.38076532767468,4.272322602920724,2.184429923350285,232.88612365722656,AAPL
2025-08-13,232.88612365722656,234.552944884794,229.99163136972763,230.6304284784954,69878500.0,221.68158394949776,213.83467538016183,0.016024473911425474,0.02230490900720968,24.470352172851562,170.64441479654704,5.219797137839038,2.791503366248036,232.3371734619141,AAPL
2025-08-14,232.3371734619141,234.6727183450988,230.41085227691244,233.61473725595164,51916300.0,225.97198486328125,214.9210931687128,-0.002357161460252777,0.022345522123928187,25.39691162109378,175.98971036646196,5.858844724968435,3.4049716379921158,231.1494140625,AAPL
2025-08-15,231.1494140625,233.834298979768,228.9036945156081,233.5548328767578,56038700.0,228.62146868024553,215.95759655180433,-0.0051122228170207284,0.019335646744737683,29.383407592773438,188.49264004209112,6.198005535159666,3.9635784174256257,230.45074462890625,AAPL
2025-08-18,230.45074462890625,232.67649791960372,229.6722297518056,231.2592012143754,37476200.0,230.20550973074776,216.905760265532,-0.0030225879499951036,0.01787118911294667,27.717666625976562,168.78054187874685,6.337362961146368,4.438335326169774,230.1213836669922,AAPL
2025-08-19,230.1213836669922,232.42698672077373,228.9136940815642,230.8400151681398,39402600.0,230.41510881696428,217.77652340843565,-0.0014292032878627792,0.008954311258336308,27.8170166015625,154.13156705206808,6.348051660200923,4.820278592976004,225.5800323486328,AAPL
2025-08-20,225.5800323486328,230.0315543310328,225.3404986724704,229.54248102593337,42263900.0,230.24828229631697,218.33988008045014,-0.019734590701623533,0.011576417333661724,12.977005004882812,179.48289750289774,5.921810488363718,5.040584972053547,224.47213745117188,AAPL
2025-08-21,224.47213745117188,226.0890658711696,223.3542730460458,225.8395414786139,30621200.0,229.57100132533483,218.86234901064918,-0.004911316333835347,0.010431866372920182,5.109680175781222,147.33994189785543,5.431996752359197,5.118867328114677,227.3267059326172,AAPL
2025-08-22,227.3267059326172,228.65417758009715,224.98118568943212,225.7397343895232,42477800.0,228.77679879324776,219.53926449730284,0.012716805363276906,0.009459560271543177,-1.327484130859375,143.70672454100082,5.214051319509593,5.137904126393661,226.7278594970703,AAPL
2025-08-25,226.7278594970703,228.86378779922748,225.79962078901823,226.0491451945495,30983100.0,227.9754682268415,220.18196614583334,-0.002634298654397349,0.00945501204228961,-0.01995849609377842,144.70779411452315,4.936105736868541,5.097544448488637,228.87376403808597,AAPL
2025-08-26,228.87376403808597,229.0534295301293,224.2625578823749,226.438403395408,54575100.0,227.65037536621094,220.91878327869233,0.009464670754514737,0.010566930089570619,-0.3393402099609091,167.10946724197888,4.833273454745154,5.044690249739941,230.0515289306641,AAPL
2025-08-27,230.0515289306641,230.46073738560716,227.82576024347395,228.17510050695543,31259500.0,227.59334455217638,221.84366426013764,0.005145914812595631,0.010801712570356968,-2.8345947265624716,202.15297515128043,4.791579567535109,4.994068113298975,232.1175842285156,AAPL
2025-08-28,232.1175842285156,232.9659733126178,228.90370861616245,230.3809040856524,38074700.0,227.8785160609654,222.97232200985863,0.008980837064874292,0.011308581066079923,-0.21958923339849434,415.27467540764195,4.869122049264263,4.969078900492033,231.6983795166016,AAPL
2025-08-29,231.6983795166016,232.9360260407387,230.92984008944924,232.0676707602769,39418400.0,228.75256565638955,224.15127999441964,-0.0018060015285240594,0.006939581990373833,0.5489654541015909,290.52459622734443,4.8409453038080414,4.9434521811552345,229.28298950195312,AAPL
2025-09-02,229.28298950195312,230.4108447009183,226.53822101083423,228.8138823959992,44075600.0,229.43983023507258,225.46161251976378,-0.010424716908628229,0.008282728723427401,-1.167755126953125,17052.685589519842,4.571021353307032,4.868966015585594,238.01634216308597,AAPL
2025-09-03,238.01634216308597,238.395624134605,233.9141603097862,236.75874463665696,66427800.0,230.96692112513955,227.14176795596168,0.03808984120498149,0.015563413583506372,7.894958496093778,330.9341669293944,5.004128768437283,4.8959985661559315,239.3238525390625,AAPL
2025-09-04,239.3238525390625,239.4436193831587,236.28964239378743,237.9963808412042,47549400.0,232.766348702567,228.90460059756325,0.005493363876168722,0.015046613124143932,13.743820190429688,261.7145577761817,5.390733653378618,4.994945583600469,239.2340087890625,AAPL
2025-09-05,239.2340087890625,240.8609127003189,238.0362947520209,239.5434165987409,54870400.0,234.2463836669922,230.17274257114954,-0.00037540658420298634,0.015327556780198504,14.761871337890625,226.1728245934557,5.625029333564811,5.120962333593337,237.42745971679688,AAPL
2025-09-08,237.42745971679688,239.69313028194867,235.89038089866293,238.84475646782596,48999500.0,235.30008806501115,231.0329807826451,-0.007551389041256629,0.016231364201292686,10.100753784179688,262.0883326844927,5.600379250070546,5.216845716888779,233.9041748046875,AAPL
2025-09-09,233.9041748046875,238.3257397896772,232.9160527142261,236.54912730927947,66313900.0,235.55531529017858,231.28298005603608,-0.014839416284502027,0.017605823278132777,7.1763153076171875,483.3773683085319,5.236184755767795,5.220713524664583,226.35855102539065,AAPL
2025-09-10,226.35855102539065,231.9778454619465,225.5201526853384,231.7482872752143,83440800.0,234.79248264857702,231.26444353376115,-0.03225946602106411,0.021754015080752448,-2.5152130126953125,2348.711314948654,4.289245465805834,5.034419912892833,229.59239196777344,AAPL
2025-09-11,229.59239196777344,230.0115911363252,226.21881717306923,226.44839058875493,50208600.0,234.83668300083704,231.28250485374815,0.014286365271970913,0.022368145964769236,-0.4591369628906534,420.2720220764619,3.75643139111628,4.778822208537523,233.62472534179688,AAPL
2025-09-12,233.62472534179688,234.0638755168574,228.5843291396984,228.78394562468256,55824200.0,234.20930916922433,231.3176763625372,0.01756300955560164,0.01739785876237298,1.5071411132812784,360.37936072218497,3.6178437511406685,4.546626517058153,236.24969482421875,AAPL
2025-09-15,236.24969482421875,237.7368657054393,234.58287368836287,236.549127145038,42699500.0,233.77014378138952,231.50398690359933,0.01123583763910907,0.017965158865940183,4.551315307617159,265.93330694541646,3.677433977664748,4.372788009179471,237.6969451904297,AAPL
2025-09-16,237.6969451904297,240.76111223381088,235.87043992435724,236.72878926810645,63421100.0,233.5505632672991,231.8157741001674,0.006125935389198034,0.01821176027714701,8.413955688476562,279.0725586092874,3.797663569224227,4.257763121188423,238.5353546142578,AAPL
2025-09-17,238.5353546142578,239.6432435766681,237.27774187166392,238.5153883976145,46508000.0,233.7088339669364,232.2007555280413,0.003527220020250743,0.018005138036296872,0.5190124511718466,286.2355124857013,3.9154639887944143,4.189303294709621,237.42745971679688,AAPL
2025-09-18,237.42745971679688,240.74113579799257,236.199788714976,239.5134800259323,44249600.0,234.21216038295202,232.54866391136534,-0.004644573125239804,0.016907587855463757,-1.896392822265625,418.42161223949984,3.8747580124346257,4.126394238254622,245.032958984375,AAPL
2025-09-19,245.032958984375,245.83144010441063,239.7530294205925,240.77107799962133,163741300.0,236.8799329485212,233.47499375116257,0.03203293872010393,0.011685235691485819,5.7989501953125,223.65284158852063,4.405415573527279,4.182198505309153,255.5928192138672,AAPL
2025-09-22,255.5928192138672,256.15178189089505,247.64797087115,247.82763635806887,105517400.0,240.59427969796317,234.9569309779576,0.04309567281585802,0.016804243127046307,18.165359497070312,153.49026035223602,5.613350768490676,4.468428957945458,253.9459686279297,AAPL
2025-09-23,253.9459686279297,256.8504363399061,253.0975947938589,255.3932223520852,60275200.0,243.497314453125,236.22451491582962,-0.006443258425658294,0.018673547156429215,20.041793823242188,198.68434160564925,6.364396236110963,4.847622413578559,251.8300018310547,AAPL
2025-09-24,251.8300018310547,255.2534845023776,250.5624136207024,254.73446948849343,42303700.0,245.7230725969587,237.41985502697173,-0.008332350414175016,0.020230031266098798,25.471450805664034,242.61795039793634,6.711498368129867,5.220397604488821,256.3813171386719,AAPL
2025-09-25,256.3813171386719,256.6807646844572,251.2311452680336,252.72829161839877,55202100.0,248.39226858956474,238.72973850795202,0.018072966979806315,0.020417035886029927,26.788925170898438,203.49245305517326,7.270028058859111,5.630323695362879,254.97401428222656,AAPL
2025-09-26,254.97401428222656,257.10994249251326,253.2972024297037,253.61660096533103,46076300.0,250.7406485421317,239.91652352469308,-0.005489100657377954,0.021238179914855465,21.349288940429688,198.86227956286058,7.512509747561751,6.006760905802653,253.9459686279297,AAPL
2025-09-29,253.9459686279297,254.5148915782133,252.52867184357527,254.0757261912774,40127700.0,253.1004355294364,240.95597040085565,-0.004031962461707783,0.021170102559097154,17.696273803710938,174.10356927776184,7.534866291956831,6.3123819830334895,254.1455993652344,AAPL
2025-09-30,254.1455993652344,255.4331385813304,252.6284867333586,254.3751575512532,37704300.0,254.40224129813058,242.02488563174293,0.0007861150085717306,0.01888221184807958,16.448654174804716,126.29304380105566,7.482439640063234,6.546393514439439,254.9640350341797,AAPL
2025-10-01,254.9640350341797,258.29769267334166,254.44502000530687,254.55481135314997,48713900.0,254.31241498674666,243.24779256184897,0.003220341689918804,0.009076058155896486,16.428680419921875,128.79616732701612,7.421382975959148,6.721391406743381,256.6408386230469,AAPL
2025-10-02,256.6408386230469,257.68882891050583,253.66649683440303,256.09186667190835,42630200.0,254.69739641462053,244.1346733456566,0.00657662791005964,0.00894442805931698,19.21337890625,131.74324309990027,7.422734502898834,6.861660025974472,257.5291442871094,AAPL
2025-10-03,257.5291442871094,258.7468246365968,253.46689477740225,254.18552630266564,49155600.0,255.51155962262834,245.00159200032553,0.003461279462880995,0.00781343429172321,12.496185302734375,134.33388069440758,7.410065814837765,6.97134118374713,256.2016906738281,AAPL
2025-10-06,256.2016906738281,258.5771679771474,254.56481112131075,257.49920544747016,44664100.0,255.48589869907923,245.80957685198103,-0.005154576259537191,0.004815266374446657,0.6088714599609375,146.65567765869812,7.209801274530008,7.0190332019037065,255.99208068847656,AAPL
2025-10-07,255.99208068847656,256.91031341337026,254.94405994391948,256.3214394907812,31955800.0,255.63133675711495,246.693606422061,-0.0008181444267610916,0.004230553879285835,2.046112060546875,150.65740478513064,6.954014854949975,7.006029532512961,257.5690612792969,AAPL
2025-10-08,257.5690612792969,258.0281776413904,255.6227587977037,256.03198246417537,36496900.0,256.14892142159596,247.82050577799478,0.006160270999708617,0.004132668268284911,5.7390594482421875,138.40424242424243,6.800163378421928,6.964856301694754,253.55670166015625,AAPL
2025-10-09,253.55670166015625,257.50917476461467,252.6584199331141,257.3195337882977,38322000.0,256.0647931780134,249.11565580822173,-0.015577801150541859,0.007882571361501308,-2.824615478515625,237.82195871195032,6.2820554613426225,6.8282961336243275,244.80340576171875,AAPL
2025-10-10,244.80340576171875,255.8922708493858,243.53581752909895,254.4550078501572,61999100.0,254.61327471051897,249.8399897984096,-0.034522045132806656,0.014875717410269218,-10.170608520507812,-90.00926325316965,5.106271460777293,6.483891199054921,247.18885803222656,AAPL
2025-10-13,247.18885803222656,249.2149949644775,245.09284695690997,248.9055871417832,38142900.0,253.26299176897322,250.48590087890625,0.009744359001401026,0.015351860690902101,-6.757110595703125,-179.02509744057602,4.317174530793409,6.050547865402619,247.29864501953125,AAPL
2025-10-14,247.29864501953125,248.37659224814223,244.2344780970313,246.1308726626428,35478000.0,251.8014918736049,251.01204136439733,0.0004441421356069508,0.015107126035799546,-6.846954345703153,-269.38313011210016,3.6584955614936803,5.572137404620832,248.8656463623047,AAPL
2025-10-15,248.8656463623047,251.3409393203658,246.99920876557604,249.01537013681212,33893600.0,250.75348554338728,251.54388427734375,0.006336473629484196,0.01578231490424046,-6.098388671875,-122.70889884620152,3.2257472389702,5.102859371490705,246.979248046875,AAPL
2025-10-16,246.979248046875,248.56621957555785,244.66366953460536,247.7777291727393,39777000.0,249.4659380231585,251.9459744408017,-0.007579986804138628,0.01575965018024364,-9.661590576171875,-115.35542852780353,2.6994568387369213,4.622178864939949,251.81002807617188,AAPL
2025-10-17,251.81002807617188,252.89796599708643,246.79958926324147,247.5481624372989,49147000.0,248.64321899414062,252.63085864839098,0.019559457191237417,0.017996044459141988,-5.7191162109375,-657.9385773783575,2.6417193840395043,4.22608696875986,261.7411193847656,AAPL
2025-10-20,261.7411193847656,263.87706298772724,255.143708503654,255.4032084113237,90483000.0,249.81242152622767,253.4264853341239,0.0394388237214669,0.02295994106089103,5.5394287109375,313.14034312346905,3.3586022303719574,4.05259002108228,262.2701110839844,AAPL
2025-10-21,262.2701110839844,264.7853366806196,261.3318968470685,261.38182000576944,46695900.0,252.3076651436942,253.74445161365327,0.002021049273656983,0.015467967815504954,6.2780303955078125,321.5842994417422,3.9241866787994866,4.026909352625722,257.9583435058594,AAPL
2025-10-22,257.9583435058594,262.349966966352,254.94406918261987,262.15033525743416,45015300.0,253.8461630684989,253.9355170840309,-0.016440179021178225,0.01842259387517592,0.3892822265625,1656.0386361530661,3.9786296543404376,4.017253412968666,259.0861511230469,AAPL
2025-10-23,259.0861511230469,260.12418111371363,257.51916110368444,259.4454820834593,32754900.0,255.53009251185827,254.28104800269716,0.004372053262009956,0.018275361366654513,5.529449462890625,1416.6856134849086,4.065911457581592,4.026985021891251,262.32000732421875,AAPL
2025-10-24,262.32000732421875,263.6275126875418,258.68691759501684,260.69310343226954,38253700.0,257.45214407784596,254.5638427734375,0.012481779466614773,0.018395727339531334,17.5166015625,413.37755941841056,4.345930898304687,4.090774197173939,268.2986145019531,AAPL
2025-10-27,268.2986145019531,268.60802232244004,264.1465248140549,264.37609822840903,44888200.0,260.49776785714283,255.19834754580543,0.02279127405766279,0.017763819853664094,21.109756469726562,254.09555361856667,4.992718999678431,4.271163157674837,268.4882507324219,AAPL
2025-10-28,268.4882507324219,269.3765722048576,267.63986169210665,268.4782600095115,41534800.0,262.88037109375,255.89083716982887,0.0007068103233436318,0.017861242305790594,21.189605712890625,273.6742593627725,5.457692408032273,4.508469007746324,269.1869201660156,AAPL
2025-10-29,269.1869201660156,270.8936584399069,266.6018207191691,268.76770579477784,51086700.0,263.94405691964283,256.60709054129467,0.0026022346664624774,0.01196986567159677,20.321273803710938,195.65740738932894,5.815526202350782,4.769880446667216,270.8836669921875,AAPL
2025-10-30,270.8836669921875,273.6184749716116,267.969239224885,271.4725408872279,69886500.0,265.17456490652904,257.36516825358075,0.006303229091240592,0.011956731396666746,23.9044189453125,123.7657354686063,6.16495953500322,5.048896264334417,269.85565185546875,AAPL
2025-10-31,269.85565185546875,276.79244258078194,268.647962249571,276.4630533049319,86167100.0,266.87418038504467,257.99444507417223,-0.003795042898427692,0.008760664919515741,18.045623779296875,131.88003158551618,6.286469234465528,5.296410858360639,268.53814697265625,AAPL
2025-11-03,268.53814697265625,270.33474092754267,265.74348587775046,269.90556627002525,50194600.0,268.2244655064174,258.51868329729353,-0.004882257880291285,0.00977402121010569,6.797027587890625,140.22545317654632,6.204928361803184,5.478114359049148,269.5262756347656,AAPL
2025-11-04,269.5262756347656,270.9734988318123,267.11086611942017,267.8195068636227,49274800.0,269.2539324079241,259.1531873430525,0.003679658451690937,0.009227902321669782,7.25616455078125,141.35249609494724,6.149156706845133,5.612322828608345,269.6260986328125,AAPL
2025-11-05,269.6260986328125,271.18312844251227,266.4221834255846,268.0989800730272,43683100.0,269.4435729980469,259.80242629278274,0.0003703646251622672,0.003986805842832303,11.667755126953125,129.39608566053806,6.043348194037321,5.698527901694141,269.2567749023437,AAPL
2025-11-06,269.2567749023437,272.8798740142925,267.38037702601645,267.38037702601645,51204000.0,269.55336216517856,260.3589840843564,-0.0013697625428010785,0.004063783179024518,10.170623779296818,140.27462195751278,5.862117999588861,5.731245921273086,267.9592590332031,AAPL
2025-11-07,267.9592590332031,271.7719991063764,266.26248096015127,269.28671541495146,48227400.0,269.3779820033482,261.04482014973956,-0.0048188791892466165,0.00435574707759755,5.639251708984375,233.8684504996172,5.549818228057177,5.694960382629905,269.1781311035156,AAPL
2025-11-10,269.1781311035156,273.4741297822401,267.2099714283653,268.7085692371889,41312400.0,269.1343340192522,262.20552135649183,0.004548721603090611,0.003917768356403983,0.8795166015625,220.49946545798323,5.339125088129265,5.623793323729776,274.99267578125,AAPL
2025-11-11,274.99267578125,275.65206242273547,269.5477586519058,269.55775905965567,46208300.0,269.8681945800781,263.52951267787387,0.02160110352909128,0.009107104146551147,6.504425048828125,123.55454592685885,5.577045706772765,5.614443800338375,273.21435546875,AAPL
2025-11-12,273.21435546875,275.4722525277038,271.4460210796085,274.74292397164845,48398000.0,270.5362243652344,264.76359412783665,-0.0064667915516215535,0.009344521396437731,4.027435302734375,140.98666603305304,5.558034363610034,5.603161912992706,272.6948547363281,AAPL
2025-11-13,272.6948547363281,276.4413491841305,271.83564282199285,273.85374352181776,49602800.0,270.98887852260043,265.8983183361235,-0.0019014401037990014,0.009465046020231955,1.811187744140625,160.82191297288233,5.4383583598150835,5.5702012023571825,272.15533447265625,AAPL
2025-11-14,272.15533447265625,275.702003472256,269.3479639093673,270.7965900477885,47431300.0,271.3501979282924,267.09717959449404,-0.00197847614027602,0.009561556485075897,2.2996826171875,277.6043109110043,5.239580861622301,5.504077134210206,267.2099609375,AAPL
2025-11-17,267.2099609375,270.2371271729127,265.48159771217263,268.5687054184609,45018300.0,271.0577959333147,267.8305097307478,-0.01817114312581336,0.0121290355199234,-1.32818603515625,-822.7230405615109,4.629630450129753,5.329187797394116,267.19000244140625,AAPL
2025-11-18,267.19000244140625,270.4569347049811,265.0719890725528,269.7376065335732,45677300.0,270.9479021344866,268.08998035249255,-7.469218596389826e-05,0.012013821127062802,-2.336273193359375,-491.6634828455717,4.097397621492689,5.082829762213831,268.3089294433594,AAPL
2025-11-19,268.3089294433594,271.9555110777923,265.2517925781922,265.2817633125939,40424500.0,270.82373046875,268.37754313151044,0.004187757744410714,0.011990046551870942,-1.317169189453125,-358.8830020505161,3.7229712331551923,4.810858056402103,266.0010986328125,AAPL
2025-11-20,266.0010986328125,275.17250947675234,265.67142054546326,270.5768036466949,45823600.0,269.53921944754467,268.76053147088913,-0.00860139398019577,0.007250710926319933,-3.255676269531193,-239.72416195588482,3.2030897390790187,4.489304392937486,271.2361755371094,AAPL
2025-11-21,271.2361755371094,273.0744516711978,265.4216397990326,265.70137680880595,59030800.0,269.2566223144531,269.33910406203495,0.01968065895668869,0.011617911353294007,3.27691650390625,536.5166442330535,3.176885703446601,4.226820655039309,275.6620788574219,AAPL
2025-11-24,275.6620788574219,276.7410558404627,270.64675212306133,270.64675212306133,65585800.0,269.6805114746094,269.9744408017113,0.016317525903571717,0.01329652363230023,6.48394775390625,291.9446129972446,3.4732151631505417,4.076099556661556,276.7110900878906,AAPL
2025-11-25,276.7110900878906,280.1179060838009,274.9926967216935,275.012667049666,46914200.0,270.33133370535717,270.37503487723217,0.0038054245067611348,0.013214889196061392,1.718414306640625,266.22947006603175,3.7494831267376867,4.010776270676782,277.29052734375,AAPL
2025-11-26,277.29052734375,279.26868736786383,276.3714044558947,276.70108254872224,33431400.0,271.7714146205357,270.79419090634303,0.002094015298321983,0.00969588237422617,4.076171875,242.00113960113788,3.9694261485142874,4.002506246244284,278.5893249511719,AAPL
2025-11-28,278.5893249511719,278.73917862681736,275.73198274965245,277.0008150112318,20135600.0,273.39988926478793,271.2419244675409,0.0046838874009274,0.009415392564258615,5.89447021484375,195.11233729322527,4.200118340543668,4.04202866510416,282.8353576660156,AAPL
2025-12-01,282.8353576660156,283.1550658399818,275.88187257202503,277.75011957449965,46587700.0,275.47509329659596,271.81105259486606,0.01524118957389331,0.009966852079543093,10.680023193359375,174.03043439399357,4.671710350405533,4.1679650021644346,285.9224548339844,AAPL
2025-12-02,285.9224548339844,287.1313151163589,282.36578537497866,282.7354345985028,53669500.0,278.3210013253348,272.57613845098587,0.010914820528252767,0.00695223097960149,18.712493896484375,192.50419520476225,5.234216566968314,4.3812153151252105,283.8843688964844,AAPL
2025-12-03,283.8843688964844,288.35019153510143,283.0351573834178,285.9324708384744,43538700.0,280.1278860909598,273.3069109235491,-0.007128107299873898,0.008245742340733463,16.694366455078125,197.19078467544725,5.45269502006488,4.595511256113145,280.4375915527344,AAPL
2025-12-04,280.4375915527344,284.46382276925783,278.32954829392816,283.83440686502166,43989100.0,280.8101021902902,273.8264973958333,-0.012141483369261685,0.009546891220526151,12.128662109375,271.7421979078805,5.286772025467428,4.733763409984002,278.5193786621094,AAPL
2025-12-05,278.5193786621094,280.8771882481053,277.79005013345267,280.27774306596746,47265800.0,281.0684291294643,274.24998692103793,-0.006840070477014848,0.01013336114403694,12.518280029296875,330.6118338712075,4.943507431297405,4.775712214246683,277.6302185058594,AAPL
2025-12-08,277.6302185058594,279.4085531850005,275.8918244790692,277.8699843761556,38211800.0,281.11695643833707,274.6487223307292,-0.0031924534677664207,0.010232562388126358,6.39404296875,201.917112557878,4.547301512502713,4.73003007389789,276.9208679199219,AAPL
2025-12-09,276.9208679199219,279.7682096639769,276.6611317163261,277.8999627322321,32193300.0,280.8786054338728,275.0754656110491,-0.0025550193698475887,0.010070715690035871,1.2587890625,216.22211559268771,4.128476298471924,4.609719318812697,278.5193786621094,AAPL
2025-12-10,278.5193786621094,279.48847306800184,276.1815698919154,277.490342786908,33038300.0,280.2620370047433,275.5202869233631,0.005772445948890148,0.007971944930555634,1.80828857421875,210.7631748840323,3.8808052492665297,4.463936504903463,277.77008056640625,AAPL
2025-12-11,277.77008056640625,279.3286197507982,273.5540244422053,278.83908758708685,33248000.0,279.097412109375,275.6525442940848,-0.0026902907054526803,0.005537826692625672,0.47955322265625,182.85240868568582,3.5827622116361795,4.287701646250007,278.0198669433594,AAPL
2025-12-12,278.0198669433594,278.9589906850317,276.5612402656973,277.64021728323,39532900.0,278.25962611607144,275.8813781738281,0.0008992558753764257,0.005639070993404716,-0.5694580078125,243.74010292953287,3.328349489014556,4.095831214802916,273.8537292480469,AAPL
2025-12-15,273.8537292480469,279.8880911943856,272.5849275039148,279.8880911943856,50409100.0,277.31907435825894,275.93656267438615,-0.014985035929685031,0.006453926881492772,-8.98162841796875,-669.5980153908465,2.758751904553719,3.828415352753077,274.353271484375,AAPL
2025-12-16,274.353271484375,275.2424541197232,271.53593087885605,272.5649667835892,37648600.0,276.72391619001115,276.04122634161087,0.0018241206270945831,0.006508140993620861,-11.569183349609375,-490.249932048511,2.3208967457851486,3.5269116313594915,271.5858764648437,AAPL
2025-12-17,271.5858764648437,275.90184538512057,271.38608172110213,274.75292651919426,50138700.0,275.86043875558033,276.2496032714844,-0.010086976563313588,0.007182107233320017,-12.298492431640682,-192.4704434815153,1.7306380101971968,3.1676569071270326,271.935546875,AAPL
2025-12-18,271.935546875,273.374203136776,266.7004552212896,273.35420232069225,51630700.0,275.1482500348772,276.47558157784596,0.0012875132341485518,0.007376464277582464,-8.502044677734375,-150.75103998972713,1.2763561502453626,2.789396755750699,273.4141845703125,AAPL
2025-12-19,273.4141845703125,274.34330788170604,269.64768928264715,271.8955859651445,144632000.0,274.418936593192,276.71868896484375,0.005437456457254575,0.007314156715254303,-5.105194091796875,-77.09490692002015,1.0238459490516334,2.436286594410886,270.7166748046875,AAPL
2025-12-22,270.7166748046875,273.62395794129594,270.25711338978425,272.6048920133635,36571800.0,273.4113071986607,276.9432402111235,-0.0098660198257976,0.007812156307721322,-6.913543701171875,-27.464210667860527,0.5991565970231818,2.068860594933345,272.1053771972656,AAPL
2025-12-23,272.1053771972656,272.2452609569047,269.30800689497966,270.5868091030317,29642000.0,272.5663800920759,276.98463076636904,0.005129726100470355,0.00836597254561883,-4.81549072265625,-47.24385580375929,0.3703744568416596,1.7291633673150082,273.55401611328125,AAPL
2025-12-24,273.55401611328125,275.17249671786806,271.9455359163183,272.085389177814,17910600.0,272.52356392996654,276.8842468261719,0.0053238158353827725,0.006930182296720584,-4.965362548828125,-101.88729434609789,0.30246933795604036,1.4438245614432148,273.1444091796875,AAPL
2025-12-26,273.1444091796875,275.1125687682936,272.6049054553,273.9037084592662,21521800.0,272.35086931501115,276.7144048781622,-0.0014973530252399003,0.00688720183696879,-4.62567138671875,-130.4842528402811,0.21314518073097588,1.197688685300767,273.50408935546875,AAPL
2025-12-29,273.50408935546875,274.10350406329195,272.0954038139857,272.4350823114352,23715200.0,272.6248997279576,276.5340983072917,0.0013168132449112857,0.0054761413878570715,-4.515777587890625,-178.6945749047756,0.1694252974319852,0.9920360077270108,272.82470703125,AAPL
2025-12-30,272.82470703125,273.82377221524894,272.0254670796708,272.5549704076282,22139600.0,272.7519226074219,276.2595926920573,-0.002483993295382736,0.00562871274564437,-1.029022216796875,-180.00193707486932,0.07904531402721204,0.8094378689870511,271.6058349609375,AAPL
2025-12-31,271.6058349609375,273.42414083736213,271.4959524300237,272.80472532736104,27293600.0,272.4935869489397,275.724853515625,-0.004467601499789753,0.00541575403864671,-2.7474365234375,-83.52674768145641,-0.08989797560576562,0.6295707000684878,270.75665283203125,AAPL
2026-01-02,270.75665283203125,277.5802543100492,268.7485221479618,272.0054842546519,37838100.0,272.4992980957031,275.00267246791293,-0.003126523879828924,0.003969311021022393,-0.8292236328124432,-82.33717408709657,-0.2889774979876165,0.44586106045726703,267.0101623535156,AAPL
2026-01-05,267.0101623535156,271.25618925068443,265.89121426121545,270.38700744645297,45647200.0,271.7714102608817,274.19913882300966,-0.013837113287258118,0.005906898731117601,-4.925384521484375,-50.181835317075866,-0.7405236292169093,0.2085841225224318,262.1147155761719,AAPL
2026-01-06,262.1147155761719,267.2998660934885,261.8749496989937,266.7503924619391,52352100.0,270.13722446986606,273.32662091936385,-0.018334308830022295,0.00719150070071026,-11.299468994140625,-47.064191086247206,-1.4763800432818925,-0.1284087106384331,260.08660888671875,AAPL
2026-01-07,260.08660888671875,263.4334831315393,259.5671060011504,262.95395138764474,48309800.0,268.2718244280134,272.44886997767856,-0.00773747740562758,0.006912808985023079,-10.63006591796875,-35.2242828723613,-2.197867168636378,-0.5423004022380221,258.7978515625,AAPL
2026-01-08,258.7978515625,259.0476178563403,255.4609622909548,256.7797203952787,50419300.0,266.17093331473217,271.55209059942337,-0.004955108337700187,0.006009786208046671,-13.307525634765625,-39.29715204826354,-2.840894792214897,-1.0020192802333971,259.1275329589844,AAPL
2026-01-09,259.1275329589844,259.9667440583015,255.98048371428257,258.8377955175017,39997000.0,264.21419416155135,270.70478893461683,0.0012738954148727721,0.006697397229944729,-14.426483154296875,-39.07975591682492,-3.2860171233079996,-1.4588188488483178,260.0067138671875,AAPL
2026-01-12,260.0067138671875,261.05572011368304,256.5599267903311,258.9177364764393,45263800.0,262.5571768624442,269.823233468192,0.0033928502238405045,0.007818864537398855,-13.1376953125,-32.861409035453505,-3.527178112275749,-1.872490701533804,260.8059387207031,AAPL
2026-01-13,260.8059387207031,261.56523797230057,258.148452318208,258.4781303943212,45730800.0,261.1356462751116,269.01541718982514,0.0030738623692765366,0.008541457672386926,-12.698150634765625,-52.51989961663406,-3.612170316317304,-2.220426624490504,259.71697998046875,AAPL
2026-01-14,259.71697998046875,261.57525710051715,256.4700180914029,259.247418118488,40019400.0,260.09376307896207,268.1438511439732,-0.0041753602144793955,0.0076686641902458195,-13.10772705078125,-30.80629546512688,-3.724463819373568,-2.521234063467117,257.9685974121094,AAPL
2026-01-15,257.9685974121094,260.7959687899761,256.8096782083212,260.40631875644857,39388600.0,259.50146048409596,267.38741629464283,-0.00673187624656213,0.004722740202972997,-13.637237548828125,-15.192195855516815,-3.909471141245433,-2.7988814790227803,255.29112243652344,AAPL
2026-01-16,255.29112243652344,258.6579671912775,254.69167723491492,257.6589020182799,72142800.0,258.81639099121094,266.47969491141185,-0.010379073276537754,0.005302763186170399,-15.465530395507812,-13.262360976143412,-4.223455267359952,-3.083796236690215,246.4693756103516,AAPL
2026-01-20,246.4693756103516,254.55180921698133,243.1924430560896,252.49373739571587,80267500.0,257.05518014090404,265.28367106119794,-0.03455563492367553,0.013270378328170407,-20.540786743164034,-7.427809952549666,-5.125052773755556,-3.492047544103283,247.41848754882807,AAPL
2026-01-21,247.41848754882807,251.3248360900433,244.9507953165175,248.4675090444481,54641700.0,255.3824593680245,264.1161920456659,0.003850831106810393,0.013566444651800673,-14.696228027343807,-11.639666022430575,-5.697314793375028,-3.9331009939576322,248.1178436279297,AAPL
2026-01-22,248.1178436279297,250.76536025794263,247.9180183962477,248.96703988447877,39708300.0,253.68404933384485,262.9116043817429,0.0028266120532467465,0.013499123295431808,-11.968765258789062,-15.567764496926742,-6.024952474306701,-4.351471290027446,247.80812072753903,AAPL
2026-01-23,247.80812072753903,249.176850391454,244.45126111041236,247.0888078223564,41689000.0,251.82721819196428,261.82072085425966,-0.001248289505752398,0.01307594169016619,-10.989730834960966,-15.933721421185993,-6.237695475930366,-4.72871612720803,255.17123413085935,AAPL
2026-01-26,255.17123413085935,256.32015295784896,249.5664780183616,251.24490015634893,55969200.0,251.17782592773438,261.0143330891927,0.029712962519965025,0.01921528877428262,-3.9562988281250284,-93.07995091999192,-5.745918747297338,-4.932156651225892,258.0285339355469,AAPL
2026-01-27,258.0285339355469,261.7051166970889,257.96859246831417,258.92771692213245,49648300.0,251.18638828822546,260.2750244140625,0.011197578028024235,0.019723749758076083,-1.978179931640625,-339.6072324789388,-5.067210286059407,-4.9591673781925945,256.2002868652344,AAPL
2026-01-28,256.2002868652344,258.61800761819165,254.2720830679268,257.409147241713,41288000.0,251.31626892089844,259.4681614467076,-0.007085445328186779,0.01946691357660015,-4.60565185546875,-357.0720158307616,-4.623555727609528,-4.892045048075982,258.0385437011719,AAPL
2026-01-29,258.0385437011719,259.4072580677027,254.17216647920577,257.75880668092503,67253000.0,252.969007219587,258.73170689174106,0.007175077196164281,0.011735653718693976,-1.678436279296875,-2069.677665688682,-4.076631460115493,-4.728962330483884,259.2374267578125,AAPL
2026-01-30,259.2374267578125,261.6551472598355,251.94423313215475,254.9314433110553,92443400.0,254.65742710658483,258.0846935453869,0.0046461394466286166,0.01170804980466468,1.268829345703125,15091.321855039825,-3.5060348077301455,-4.484376825933136,269.7575988769531,AAPL
2026-02-02,269.7575988769531,270.2371306501278,258.9676766447768,259.7869174093499,73913400.0,257.74882071358815,257.9966823032924,0.04058122413384724,0.01706982156443717,14.466476440429688,268.9542340470148,-2.179815326326093,-4.023464526011727,269.22808837890625,AAPL
2026-02-03,269.22808837890625,271.6258386480508,267.3598109321867,268.9483513556569,64394700.0,260.8088160923549,257.9238935198103,-0.0019629122599374993,0.01716510791705455,22.75871276855466,301.89671603068376,-1.158153432462484,-3.4504023073018786,276.23150634765625,AAPL
2026-02-04,276.23150634765625,278.68922850453845,272.03545112075,272.03545112075,90545700.0,263.8174264090402,258.36300513857884,0.026012954335186356,0.016577009428545925,28.813018798828182,196.3702166505281,0.21416946687463678,-2.7174879524665756,275.6520690917969,AAPL
2026-02-05,275.6520690917969,279.2387093202658,272.97458180817284,277.86999494352693,52977400.0,266.3350742885045,259.0076410202753,-0.0020976508564164442,0.01736174759507167,27.534225463867188,183.38939204627818,1.2406876329320653,-1.9258528353868476,277.8599853515625,AAPL
2026-02-06,277.8599853515625,280.6473855638201,276.6710954236804,276.8609202349588,50453400.0,269.42931692940846,259.85399228050596,0.008009793893585249,0.015810622834250162,30.051864624023466,153.47484539302658,2.2069309389363525,-1.0992960805222076,274.6199951171875,AAPL
2026-02-09,274.6199951171875,278.20001220703125,271.70001220703125,277.9100036621094,44623400.0,271.798095703125,260.607427687872,-0.01166051394653178,0.018151726715853175,19.448760986328153,123.04357087917431,2.6803482005686305,-0.34336722430404,273.67999267578125,AAPL
2026-02-10,273.67999267578125,275.3699951171875,272.94000244140625,274.8900146484375,34376900.0,273.861319405692,261.30040196010043,-0.003422920610733904,0.018726995764813143,15.651458740234375,128.28059688310907,2.94572793215616,0.31445180698800007,275.5,AAPL
2026-02-11,275.5,280.17999267578125,274.45001220703125,274.70001220703125,51931300.0,274.6816624232701,262.0381774902344,0.0066501292492171515,0.012074620126574745,19.299713134765625,127.12317576261478,3.2652627456492382,0.9046139947202477,261.7300109863281,AAPL
2026-02-12,261.7300109863281,275.7200012207031,260.17999267578125,275.5899963378906,81077200.0,273.61050851004467,262.0821809314546,-0.049981811301894274,0.023576381216022103,3.69146728515625,250.03118201197933,2.3799389004788054,1.1996789758719593,255.77999877929688,AAPL
2026-02-13,255.77999877929688,262.2300109863281,255.4499969482422,262.010009765625,56290700.0,270.6888645717076,261.8947056361607,-0.022733396848946263,0.02027646184649426,-3.457427978515625,4508.467014236787,1.1845424479982967,1.1966516702972267,263.8800048828125,AAPL
2026-02-17,263.8800048828125,266.2900085449219,255.5399932861328,258.04998779296875,58469100.0,269.00714111328125,262.1762012300037,0.031667863563111576,0.02591079920656034,-5.877593994140625,558.6400404712609,0.8806335496345241,1.1334480461646863,264.3500061035156,AAPL
2026-02-18,264.3500061035156,266.82000732421875,262.45001220703125,263.6000061035156,34203300.0,267.07714407784596,262.6075766427176,0.0017811172199722058,0.025455477095337322,-4.878082275390625,406.86875117019275,0.669985552287244,1.0407555473891978,260.5799865722656,AAPL
2026-02-19,260.5799865722656,264.4800109863281,260.04998779296875,262.6000061035156,30845300.0,265.07142857142856,263.2795104980469,-0.014261469431454121,0.02555678783031837,-15.651519775390625,1232.386704771971,0.19657048574975988,0.8719185350613102,264.5799865722656,AAPL
2026-02-20,264.5799865722656,264.75,258.1600036621094,258.9700012207031,42070500.0,263.7714276994978,264.09672473725817,0.015350373037534393,0.02696376451220882,-11.07208251953125,638.6736355068117,0.14250944517766584,0.7260367170845814,266.17999267578125,AAPL
2026-02-23,266.17999267578125,269.42999267578125,263.3800048828125,263.489990234375,37308200.0,262.4399980817522,264.95682707287017,0.006047343656806037,0.026923137710865856,-11.67999267578125,-704.4194794892135,0.226165704324103,0.6260625145324857,272.1400146484375,AAPL
2026-02-24,272.1400146484375,274.8900146484375,267.7099914550781,267.8599853515625,47014600.0,263.92714146205356,266.11548868815106,0.022390946489790453,0.019444052884248417,-2.47998046875,1070.1293257037473,0.7645743188037386,0.6537648753867363,274.2300109863281,AAPL
2026-02-25,274.2300109863281,274.94000244140625,271.04998779296875,271.7799987792969,33714300.0,266.5628574916295,267.0230494907924,0.007679856784716499,0.014881601422188863,0.550018310546875,-1311.417244796828,1.3444146868026792,0.7918948376699249,272.95001220703125,AAPL
2026-02-26,272.95001220703125,276.1099853515625,270.79998779296875,274.95001220703125,32345100.0,267.8585728236607,267.7335960751488,-0.004667610137537803,0.01219710314569974,-2.54998779296875,-971.4064670604564,1.6812764435895247,0.9697711588538449,264.17999267578125,AAPL
2026-02-27,264.17999267578125,272.8099975585937,262.8900146484375,272.8099975585937,72366500.0,267.8342851911272,268.1135820661272,-0.03213049693728531,0.018663958316031053,2.449981689453125,-175.7313737825309,1.2264369292505535,1.0211043129331867,264.7200012207031,AAPL
2026-03-02,264.7200012207031,266.5299987792969,260.20001220703125,262.4100036621094,41827900.0,268.4257158551897,268.4317467099144,0.002044093269336189,0.017563988081721264,8.94000244140625,-248.28346223678574,0.8991822998989392,0.9967199103263372,263.75,AAPL
2026-03-03,263.75,265.5599975585937,260.1300048828125,263.4800109863281,38568900.0,268.30714634486606,268.6466311500186,-0.0036642536122324376,0.016672880907043865,-0.1300048828125,-247.53339111086524,0.555160116277932,0.9084079515166563,262.5199890136719,AAPL
2026-03-04,262.5199890136719,266.1499938964844,261.4200134277344,264.6499938964844,39803100.0,267.78428867885043,268.3019830612909,-0.004663548763329417,0.016480595064707747,-1.83001708984375,-175.3468491450148,0.18117992089884183,0.7629623453930935,260.2900085449219,AAPL
2026-03-05,260.2900085449219,261.5599975585937,257.25,260.7900085449219,49658600.0,266.0914306640625,267.87636021205356,-0.00849451684471103,0.012578915396632839,-0.28997802734375,-1580.555673292925,-0.29177941396687856,0.5520139935210991,257.4599914550781,AAPL
2026-03-06,257.4599914550781,258.7699890136719,254.3699951171875,258.6300048828125,41120000.0,263.69571358816967,266.9824785505022,-0.010872553678353492,0.011005718714679235,-7.1199951171875,1354.7702089010004,-0.8847628269236338,0.26465862943215257,259.8800048828125,AAPL
2026-03-09,259.8800048828125,261.1499938964844,253.67999267578125,255.69000244140625,38218500.0,261.8285696847098,266.23142787388394,0.009399570838394267,0.01301310410992685,-6.29998779296875,-427.00119018554676,-1.1462186995129287,-0.017516836356863658,260.8299865722656,AAPL
2026-03-10,260.8299865722656,262.4800109863281,256.95001220703125,257.6499938964844,30590800.0,261.3499973842076,265.4204755510603,0.0036554627966916,0.007173709533774933,-11.310028076171875,-498.861665973089,-1.2622187076591445,-0.26645721061731986,260.8099975585937,AAPL
2026-03-11,260.8099975585937,262.1300048828125,259.54998779296875,261.0899963378906,26218900.0,260.7914254324777,264.76285661969865,-7.663617950770529e-05,0.007027631881680651,-13.420013427734432,7634.430144621813,-1.3403122113411428,-0.48122821076208444,255.75999450683597,AAPL
2026-03-12,255.75999450683597,258.95001220703125,254.17999267578125,258.6600036621094,40794000.0,259.64999607631137,263.9095233735584,-0.019362766377938323,0.009631560876983455,-17.190017700195284,-153.74195323055898,-1.7890716133821911,-0.7427968912861058,250.1199951171875,AAPL
2026-03-13,250.1199951171875,256.3299865722656,249.5200042724609,255.47999572753903,36930000.0,257.87856837681363,262.7009517124721,-0.022051921765652516,0.011739121262877805,-14.05999755859375,-74.47088288165028,-2.5701899382195847,-1.1082755006728018,252.82000732421875,AAPL
2026-03-16,252.82000732421875,253.88999938964844,249.8800048828125,252.1100006103516,32074200.0,256.8114253452846,262.2766658238002,0.01079486750256109,0.013425822276252362,-11.899993896484375,-45.031102012706185,-2.9375017267681187,-1.4741207458918653,254.22999572753903,AAPL
2026-03-17,254.22999572753903,255.1300048828125,252.17999267578125,252.9600067138672,32361600.0,256.3499973842076,262.2028561546689,0.005577044389181163,0.013476918720705272,-9.520004272460966,-40.099990768439454,-3.079328107539652,-1.7951622182214226,249.94000244140625,AAPL
2026-03-18,249.94000244140625,254.94000244140625,249.0,252.6300048828125,35757900.0,254.92999703543526,261.5390465146019,-0.016874457610149274,0.013521439487413228,-12.579986572265625,-34.85441490095374,-3.49757527076963,-2.1356448287310643,248.9600067138672,AAPL
2026-03-19,248.9600067138672,251.8300018310547,247.3000030517578,249.3999938964844,34864100.0,253.23428562709265,260.80618940080916,-0.0039209238936004365,0.012960172970177384,-11.330001831054688,-52.69390058919814,-3.863579684377214,-2.4812317998602946,247.9900054931641,AAPL
2026-03-20,247.9900054931641,249.1999969482422,246.0,247.97999572753903,88268000.0,251.4028581891741,260.20666649228053,-0.003896213024359052,0.012719930357444209,-9.469985961914034,-44.7100874940829,-4.183684895728334,-2.8217224190339025,251.4900054931641,AAPL
